,Feature_A,Feature_B,Feature_C,Feature_D
Feature_A,1.0,0.9925138409710981,-0.9575142127718532,0.028355775175547757
Feature_B,0.9925138409710981,1.0,-0.9597712560576249,0.0368729283868277
Feature_C,-0.9575142127718532,-0.9597712560576249,1.0,-0.05509151832323442
Feature_D,0.028355775175547757,0.0368729283868277,-0.05509151832323442,1.0
